{
    "class_id": 0,
    "x_center": 0.613359,
    "y_center": 0.519,
    "BBOX": 0.005748008805,
    "image_path": "./result/images/DJI_0776_0.jpg",
    "drone_lat": 35.924729251,
    "drone_lon": 126.514975854,
    "gps_lat": 35.92455340777799,
    "gps_lon": 126.51670500962553,
    "capture_time": "2023-09-19T09:07:55"
}